STATE,CRIME HEAD,2001,2002,2003,2004,2005,2006,2007,2008,2009,2010,2011,2012
A & N ISLANDS,MURDER,13,14,16,15,14,4,13,14,16,15,14,4
ANDHRA PRADESH,MURDER,2602,2525,21,2579,2750,2766,2602,2525,21,2579,2750,2766
ARUNACHAL PRADESH,MURDER,83,61,2667,67,81,60,83,61,2667,67,81,60
ASSAM,MURDER,1356,1253,77,1214,1194,1207,1356,1253,77,1214,1194,1207
BIHAR,MURDER,3643,3712,1191,3948,3471,3249,3643,3712,1191,3948,3471,3249
CHANDIGARH,MURDER,15,31,3771,22,18,12,15,31,3771,22,18,12
CHHATTISGARH,MURDER,880,844,21,927,1013,1098,880,844,21,927,1013,1098
D & N HAVELI,MURDER,3,11,776,11,7,9,3,11,776,11,7,9
DAMAN & DIU,MURDER,7,8,11,3,5,6,7,8,11,3,5,6
DELHI UT,MURDER,70,73,6,67,57,66,70,73,6,67,57,66
GOA,MURDER,36,30,72,40,45,39,36,30,72,40,45,39
GUJARAT,MURDER,1226,1532,34,1113,1033,1165,1226,1532,34,1113,1033,1165
HARYANA,MURDER,781,760,1114,733,784,873,781,760,1114,733,784,873
HIMACHAL PRADESH,MURDER,119,123,702,110,110,111,119,123,702,110,110,111
JAMMU & KASHMIR,MURDER,1075,1048,125,816,647,487,1075,1048,125,816,647,487
JHARKHAND,MURDER,1507,1488,929,1488,1523,1492,1507,1488,929,1488,1523,1492
KARNATAKA,MURDER,1626,1627,1482,1519,1609,1627,1626,1627,1482,1519,1609,1627
KERALA,MURDER,472,454,1506,417,388,393,472,454,1506,417,388,393
LAKSHADWEEP,MURDER,1,0,435,0,1,0,1,0,435,0,1,0
MADHYA PRADESH,MURDER,2425,2395,2227,2379,2405,2309,2425,2395,2227,2379,2405,2309
MAHARASHTRA,MURDER,2839,2768,2772,2696,2621,2656,2839,2768,2772,2696,2621,2656
MANIPUR,MURDER,209,165,150,159,256,205,209,165,150,159,256,205
MEGHALAYA,MURDER,164,167,175,124,134,157,164,167,175,124,134,157
MIZORAM,MURDER,31,29,46,35,24,25,31,29,46,35,24,25
NAGALAND,MURDER,101,100,91,70,87,123,101,100,91,70,87,123
ODISHA,MURDER,987,1075,1044,1066,1079,1159,987,1075,1044,1066,1079,1159
PUDUCHERRY,MURDER,25,29,29,25,19,28,25,29,29,25,19,28
PUNJAB,MURDER,738,733,731,775,713,817,738,733,731,775,713,817
RAJASTHAN,MURDER,1259,1276,1262,1279,1221,1209,1259,1276,1262,1279,1221,1209
SIKKIM,MURDER,19,13,14,16,8,21,19,13,14,16,8,21
TAMIL NADU,MURDER,1662,1723,1591,1479,1440,1363,1662,1723,1591,1479,1440,1363
TRIPURA,MURDER,240,201,254,189,121,154,240,201,254,189,121,154
UTTAR PRADESH,MURDER,7601,6825,5284,6126,5711,5480,7601,6825,5284,6126,5711,5480
UTTARAKHAND,MURDER,316,292,268,262,279,274,316,292,268,262,279,274
WEST BENGAL,MURDER,1594,1444,1425,1425,1453,1425,1594,1444,1425,1425,1453,1425
A & N ISLANDS,RAPE,3,1,2,10,4,6,3,1,2,10,4,6
ANDHRA PRADESH,RAPE,871,1002,2,1016,935,1049,871,1002,2,1016,935,1049
ARUNACHAL PRADESH,RAPE,33,38,946,42,35,37,33,38,946,42,35,37
ASSAM,RAPE,817,970,31,1171,1238,1244,817,970,31,1171,1238,1244
BIHAR,RAPE,888,1040,1095,1390,1147,1232,888,1040,1095,1390,1147,1232
CHANDIGARH,RAPE,18,18,985,19,33,19,18,18,985,19,33,19
CHHATTISGARH,RAPE,959,992,18,969,990,995,959,992,18,969,990,995
D & N HAVELI,RAPE,6,4,898,7,5,6,6,4,898,7,5,6
DAMAN & DIU,RAPE,0,0,1,1,2,3,0,0,1,1,2,3
DELHI UT,RAPE,45,44,5,58,94,88,45,44,5,58,94,88
GOA,RAPE,12,12,70,37,20,21,12,12,70,37,20,21
GUJARAT,RAPE,286,267,31,339,324,354,286,267,31,339,324,354
HARYANA,RAPE,398,361,236,386,461,608,398,361,236,386,461,608
HIMACHAL PRADESH,RAPE,124,137,353,153,141,113,124,137,353,153,141,113
JAMMU & KASHMIR,RAPE,169,192,126,218,201,250,169,192,126,218,201,250
JHARKHAND,RAPE,567,797,211,797,753,799,567,797,211,797,753,799
KARNATAKA,RAPE,293,292,712,291,343,400,293,292,712,291,343,400
KERALA,RAPE,562,499,321,480,478,601,562,499,321,480,478,601
LAKSHADWEEP,RAPE,0,1,394,0,0,0,0,1,394,0,0,0
MADHYA PRADESH,RAPE,2851,2891,2,2875,2921,2900,2851,2891,2,2875,2921,2900
MAHARASHTRA,RAPE,1302,1352,2738,1388,1545,1500,1302,1352,2738,1388,1545,1500
MANIPUR,RAPE,20,14,1268,31,25,40,20,14,1268,31,25,40
MEGHALAYA,RAPE,26,38,18,54,63,74,26,38,18,54,63,74
MIZORAM,RAPE,52,76,40,20,37,72,52,76,40,20,37,72
NAGALAND,RAPE,17,17,54,18,17,23,17,17,54,18,17,23
ODISHA,RAPE,790,691,14,770,799,985,790,691,14,770,799,985
PUDUCHERRY,RAPE,9,6,725,4,6,8,9,6,725,4,6,8
PUNJAB,RAPE,298,299,2,390,398,442,298,299,2,390,398,442
RAJASTHAN,RAPE,1049,1051,380,1038,993,1085,1049,1051,380,1038,993,1085
SIKKIM,RAPE,8,6,1050,3,18,20,8,6,1050,3,18,20
TAMIL NADU,RAPE,423,534,10,618,571,457,423,534,10,618,571,457
TRIPURA,RAPE,102,108,557,160,162,189,102,108,557,160,162,189
UTTAR PRADESH,RAPE,1958,1415,114,1397,1217,1314,1958,1415,114,1397,1217,1314
UTTARAKHAND,RAPE,74,89,911,115,133,147,74,89,911,115,133,147
WEST BENGAL,RAPE,709,759,107,1475,1686,1731,709,759,107,1475,1686,1731
A & N ISLANDS,KIDNAPPING,2,2,1002,3,2,5,2,2,1002,3,2,5
ANDHRA PRADESH,KIDNAPPING,1182,1302,2,1526,1612,2030,1182,1302,2,1526,1612,2030
ARUNACHAL PRADESH,KIDNAPPING,83,57,2,65,58,75,83,57,2,65,58,75
ASSAM,KIDNAPPING,1480,1595,1485,1906,1751,1825,1480,1595,1485,1906,1751,1825
BIHAR,KIDNAPPING,2159,2361,68,3413,2693,2619,2159,2361,68,3413,2693,2619
CHANDIGARH,KIDNAPPING,56,54,1628,54,54,65,56,54,1628,54,54,65
CHHATTISGARH,KIDNAPPING,207,178,2427,214,246,239,207,178,2427,214,246,239
D & N HAVELI,KIDNAPPING,4,9,32,12,13,18,4,9,32,12,13,18
DAMAN & DIU,KIDNAPPING,5,3,177,2,4,3,5,3,177,2,4,3
DELHI UT,KIDNAPPING,151,128,7,110,151,155,151,128,7,110,151,155
GOA,KIDNAPPING,9,9,1,13,17,16,9,9,1,13,17,16
GUJARAT,KIDNAPPING,998,1015,105,1133,1164,1128,998,1015,105,1133,1164,1128
HARYANA,KIDNAPPING,449,427,14,423,492,635,449,427,14,423,492,635
HIMACHAL PRADESH,KIDNAPPING,126,138,1044,123,118,130,126,138,1044,123,118,130
JAMMU & KASHMIR,KIDNAPPING,606,674,388,735,748,789,606,674,388,735,748,789
JHARKHAND,KIDNAPPING,441,468,113,468,621,635,441,468,113,468,621,635
KARNATAKA,KIDNAPPING,559,645,712,592,589,563,559,645,712,592,589,563
KERALA,KIDNAPPING,183,162,487,232,226,294,183,162,487,232,226,294
LAKSHADWEEP,KIDNAPPING,0,0,531,0,0,0,0,0,531,0,0,0
MADHYA PRADESH,KIDNAPPING,956,964,189,832,847,808,956,964,189,832,847,808
MAHARASHTRA,KIDNAPPING,985,953,0,1045,1194,1261,985,953,0,1045,1194,1261
MANIPUR,KIDNAPPING,94,157,887,128,106,130,94,157,887,128,106,130
MEGHALAYA,KIDNAPPING,55,52,926,54,48,57,55,52,926,54,48,57
MIZORAM,KIDNAPPING,2,7,120,15,13,6,2,7,120,15,13,6
NAGALAND,KIDNAPPING,23,27,49,23,26,31,23,27,49,23,26,31
ODISHA,KIDNAPPING,522,523,8,526,641,704,522,523,8,526,641,704
PUDUCHERRY,KIDNAPPING,4,10,38,10,6,13,4,10,38,10,6,13
PUNJAB,KIDNAPPING,513,551,477,463,478,591,513,551,477,463,478,591
RAJASTHAN,KIDNAPPING,2718,2587,18,2384,1993,1970,2718,2587,18,2384,1993,1970
SIKKIM,KIDNAPPING,6,9,464,5,3,8,6,9,464,5,3,8
TAMIL NADU,KIDNAPPING,952,1001,2238,870,1029,906,952,1001,2238,870,1029,906
TRIPURA,KIDNAPPING,93,128,0,99,85,105,93,128,0,99,85,105
UTTAR PRADESH,KIDNAPPING,4330,3430,879,3337,2955,3318,4330,3430,879,3337,2955,3318
UTTARAKHAND,KIDNAPPING,183,198,146,213,203,212,183,198,146,213,203,212
WEST BENGAL,KIDNAPPING,875,831,2208,1200,1207,1355,875,831,2208,1200,1207,1355
A & N ISLANDS,DOCOITY,0,1,171,0,0,0,0,1,171,0,0,0
ANDHRA PRADESH,DOCOITY,214,197,902,199,250,178,214,197,902,199,250,178
ARUNACHAL PRADESH,DOCOITY,22,22,2,30,23,28,22,22,2,30,23,28
ASSAM,DOCOITY,532,473,2,360,334,319,532,473,2,360,334,319
BIHAR,DOCOITY,1291,1289,1485,1319,1212,1001,1291,1289,1485,1319,1212,1001
CHANDIGARH,DOCOITY,5,1,68,0,0,1,5,1,68,0,0,1
CHHATTISGARH,DOCOITY,87,144,1628,106,204,160,87,144,1628,106,204,160
D & N HAVELI,DOCOITY,0,3,2427,3,3,5,0,3,2427,3,3,5
DAMAN & DIU,DOCOITY,0,2,32,0,4,8,0,2,32,0,4,8
DELHI UT,DOCOITY,2,1,177,1,3,2,2,1,177,1,3,2
GOA,DOCOITY,7,5,7,5,2,7,7,5,7,5,2,7
GUJARAT,DOCOITY,327,804,1,360,282,290,327,804,1,360,282,290
HARYANA,DOCOITY,77,61,105,52,88,104,77,61,105,52,88,104
HIMACHAL PRADESH,DOCOITY,4,0,14,1,6,7,4,0,14,1,6,7
JAMMU & KASHMIR,DOCOITY,24,42,1044,28,13,10,24,42,1044,28,13,10
JHARKHAND,DOCOITY,636,580,388,580,592,536,636,580,388,580,592,536
KARNATAKA,DOCOITY,178,178,113,177,208,202,178,178,113,177,208,202
KERALA,DOCOITY,176,137,712,129,110,129,176,137,712,129,110,129
LAKSHADWEEP,DOCOITY,0,0,487,0,0,0,0,0,487,0,0,0
MADHYA PRADESH,DOCOITY,166,136,531,147,147,151,166,136,531,147,147,151
MAHARASHTRA,DOCOITY,529,548,189,629,641,663,529,548,189,629,641,663
MANIPUR,DOCOITY,20,3,0,2,4,2,20,3,0,2,4,2
MEGHALAYA,DOCOITY,97,64,887,91,81,57,97,64,887,91,81,57
MIZORAM,DOCOITY,3,5,926,10,3,7,3,5,926,10,3,7
NAGALAND,DOCOITY,11,21,120,14,12,16,11,21,120,14,12,16
ODISHA,DOCOITY,199,246,49,238,184,239,199,246,49,238,184,239
PUDUCHERRY,DOCOITY,1,2,8,0,1,2,1,2,8,0,1,2
PUNJAB,DOCOITY,45,50,38,17,27,35,45,50,38,17,27,35
RAJASTHAN,DOCOITY,60,47,477,58,41,37,60,47,477,58,41,37
SIKKIM,DOCOITY,0,0,18,0,2,0,0,0,18,0,2,0
TAMIL NADU,DOCOITY,158,176,464,72,73,95,158,176,464,72,73,95
TRIPURA,DOCOITY,26,29,2238,27,22,18,26,29,2238,27,22,18
UTTAR PRADESH,DOCOITY,905,552,0,378,286,218,905,552,0,378,286,218
UTTARAKHAND,DOCOITY,32,32,879,37,48,31,32,32,879,37,48,31
WEST BENGAL,DOCOITY,274,204,146,212,211,177,274,204,146,212,211,177
A & N ISLANDS,ROBBERRY,4,7,2208,3,4,5,4,7,2208,3,4,5
ANDHRA PRADESH,ROBBERRY,629,648,171,596,794,679,629,648,171,596,794,679
ARUNACHAL PRADESH,ROBBERRY,84,96,902,45,77,74,84,96,902,45,77,74
ASSAM,ROBBERRY,687,607,2,505,451,544,687,607,2,505,451,544
BIHAR,ROBBERRY,2203,2288,2,2986,2374,2169,2203,2288,2,2986,2374,2169
CHANDIGARH,ROBBERRY,22,26,1485,6,12,34,22,26,1485,6,12,34
CHHATTISGARH,ROBBERRY,338,326,68,363,401,439,338,326,68,363,401,439
D & N HAVELI,ROBBERRY,2,1,1628,2,2,5,2,1,1628,2,2,5
DAMAN & DIU,ROBBERRY,0,1,2427,1,0,1,0,1,2427,1,0,1
DELHI UT,ROBBERRY,58,50,32,50,49,39,58,50,32,50,49,39
GOA,ROBBERRY,25,24,177,18,28,17,25,24,177,18,28,17
GUJARAT,ROBBERRY,991,1098,7,1136,966,970,991,1098,7,1136,966,970
HARYANA,ROBBERRY,397,330,1,244,390,410,397,330,1,244,390,410
HIMACHAL PRADESH,ROBBERRY,28,18,105,25,22,29,28,18,105,25,22,29
JAMMU & KASHMIR,ROBBERRY,161,163,14,129,116,112,161,163,14,129,116,112
JHARKHAND,ROBBERRY,647,780,1044,780,732,779,647,780,1044,780,732,779
KARNATAKA,ROBBERRY,847,972,388,1024,1202,1349,847,972,388,1024,1202,1349
KERALA,ROBBERRY,517,610,113,639,621,691,517,610,113,639,621,691
LAKSHADWEEP,ROBBERRY,0,0,712,0,0,0,0,0,712,0,0,0
MADHYA PRADESH,ROBBERRY,1764,1829,487,1526,1557,1770,1764,1829,487,1526,1557,1770
MAHARASHTRA,ROBBERRY,2239,2136,531,2229,2411,2574,2239,2136,531,2229,2411,2574
MANIPUR,ROBBERRY,19,6,189,3,8,8,19,6,189,3,8,8
MEGHALAYA,ROBBERRY,125,109,0,81,95,65,125,109,0,81,95,65
MIZORAM,ROBBERRY,23,7,887,6,6,10,23,7,887,6,6,10
NAGALAND,ROBBERRY,129,110,926,117,80,84,129,110,926,117,80,84
ODISHA,ROBBERRY,958,945,120,952,998,1184,958,945,120,952,998,1184
PUDUCHERRY,ROBBERRY,4,6,49,1,5,2,4,6,49,1,5,2
PUNJAB,ROBBERRY,131,110,8,86,85,142,131,110,8,86,85,142
RAJASTHAN,ROBBERRY,889,734,38,673,590,631,889,734,38,673,590,631
SIKKIM,ROBBERRY,3,5,477,5,4,9,3,5,477,5,4,9
TAMIL NADU,ROBBERRY,672,653,18,464,437,450,672,653,18,464,437,450
TRIPURA,ROBBERRY,63,56,464,46,61,71,63,56,464,46,61,71
UTTAR PRADESH,ROBBERRY,3825,2840,2238,2606,2049,2024,3825,2840,2238,2606,2049,2024
UTTARAKHAND,ROBBERRY,191,177,0,165,159,157,191,177,0,165,159,157
WEST BENGAL,ROBBERRY,660,544,879,535,426,426,660,544,879,535,426,426
A & N ISLANDS,BURGLARY,62,47,146,69,68,82,62,47,146,69,68,82
ANDHRA PRADESH,BURGLARY,7220,7628,2208,8457,7954,8304,7220,7628,2208,8457,7954,8304
ARUNACHAL PRADESH,BURGLARY,248,249,171,215,263,257,248,249,171,215,263,257
ASSAM,BURGLARY,2423,2504,902,2544,2255,2911,2423,2504,902,2544,2255,2911
BIHAR,BURGLARY,3233,3188,1,3175,3117,3531,3233,3188,1,3175,3117,3531
CHANDIGARH,BURGLARY,364,336,2,186,223,189,364,336,2,186,223,189
CHHATTISGARH,BURGLARY,4144,3731,176,3720,3621,3507,4144,3731,176,3720,3621,3507
D & N HAVELI,BURGLARY,34,38,37,20,25,41,34,38,37,20,25,41
DAMAN & DIU,BURGLARY,43,56,471,35,37,60,43,56,471,35,37,60
DELHI UT,BURGLARY,418,313,1221,235,325,272,418,313,1221,235,325,272
GOA,BURGLARY,359,376,3,261,265,252,359,376,3,261,265,252
GUJARAT,BURGLARY,5142,5327,140,5828,5332,5530,5142,5327,140,5828,5332,5530
HARYANA,BURGLARY,3109,3048,4,2786,3437,4001,3109,3048,4,2786,3437,4001
HIMACHAL PRADESH,BURGLARY,844,710,4,766,696,754,844,710,4,766,696,754
JAMMU & KASHMIR,BURGLARY,1345,1321,3,1420,1397,1351,1345,1321,3,1420,1397,1351
JHARKHAND,BURGLARY,1266,1419,5,1419,1610,1428,1266,1419,5,1419,1610,1428
KARNATAKA,BURGLARY,6394,6480,338,6093,5986,5967,6394,6480,338,6093,5986,5967
KERALA,BURGLARY,4474,4624,63,4580,4110,4245,4474,4624,63,4580,4110,4245
LAKSHADWEEP,BURGLARY,1,9,8,2,2,2,1,9,8,2,2,2
MADHYA PRADESH,BURGLARY,13549,13344,23,12308,11192,10960,13549,13344,23,12308,11192,10960
MAHARASHTRA,BURGLARY,15073,14471,702,14659,15615,15877,15073,14471,702,14659,15615,15877
MANIPUR,BURGLARY,75,44,220,66,62,55,75,44,220,66,62,55
MEGHALAYA,BURGLARY,170,154,142,142,148,140,170,154,142,142,148,140
MIZORAM,BURGLARY,417,446,0,250,442,422,417,446,0,250,442,422
NAGALAND,BURGLARY,163,128,153,70,93,70,163,128,153,70,93,70
ODISHA,BURGLARY,3093,2884,514,2992,3029,3120,3093,2884,514,2992,3029,3120
PUDUCHERRY,BURGLARY,111,129,3,86,67,66,111,129,3,86,67,66
PUNJAB,BURGLARY,1902,1928,83,1766,1933,2277,1902,1928,83,1766,1933,2277
RAJASTHAN,BURGLARY,7284,6661,5,5911,5227,5085,7284,6661,5,5911,5227,5085
SIKKIM,BURGLARY,76,66,19,64,85,84,76,66,19,64,85,84
TAMIL NADU,BURGLARY,5965,5533,178,4147,3738,3300,5965,5533,178,4147,3738,3300
TRIPURA,BURGLARY,198,192,2,166,170,182,198,192,2,166,170,182
UTTAR PRADESH,BURGLARY,8411,6126,30,5299,4556,4577,8411,6126,30,5299,4556,4577
UTTARAKHAND,BURGLARY,533,554,36,566,521,470,533,554,36,566,521,470
WEST BENGAL,BURGLARY,426,348,2,547,739,601,426,348,2,547,739,601
A & N ISLANDS,THEFT,65,46,95,103,92,101,65,46,95,103,92,101
ANDHRA PRADESH,THEFT,16751,19222,36,23578,23778,23510,16751,19222,36,23578,23778,23510
ARUNACHAL PRADESH,THEFT,443,395,317,388,531,451,443,395,317,388,531,451
ASSAM,THEFT,5367,5555,26,5866,6369,7820,5367,5555,26,5866,6369,7820
BIHAR,THEFT,9701,10145,217,11113,10812,11752,9701,10145,217,11113,10812,11752
CHANDIGARH,THEFT,1529,1647,7,1459,1373,1234,1529,1647,7,1459,1373,1234
CHHATTISGARH,THEFT,4812,4302,7,5014,5600,5262,4812,4302,7,5014,5600,5262
D & N HAVELI,THEFT,45,75,660,53,74,61,45,75,660,53,74,61
DAMAN & DIU,THEFT,40,56,60,27,50,63,40,56,60,27,50,63
DELHI UT,THEFT,2100,1925,523,2512,2370,2310,2100,1925,523,2512,2370,2310
GOA,THEFT,576,496,2463,503,495,494,576,496,2463,503,495,494
GUJARAT,THEFT,15834,15742,12,18551,17964,18475,15834,15742,12,18551,17964,18475
HARYANA,THEFT,6117,5962,331,6558,8694,10518,6117,5962,331,6558,8694,10518
HIMACHAL PRADESH,THEFT,600,564,6,643,696,812,600,564,6,643,696,812
JAMMU & KASHMIR,THEFT,1919,2020,1,1939,1901,1937,1919,2020,1,1939,1901,1937
JHARKHAND,THEFT,3827,4374,53,4374,6195,6173,3827,4374,53,4374,6195,6173
KARNATAKA,THEFT,12868,13818,21,16093,17008,14901,12868,13818,21,16093,17008,14901
KERALA,THEFT,5441,5743,1267,5240,5454,5431,5441,5743,1267,5240,5454,5431
LAKSHADWEEP,THEFT,10,12,281,5,7,17,10,12,281,5,7,17
MADHYA PRADESH,THEFT,20263,20759,19,22586,20685,21733,20263,20759,19,22586,20685,21733
MAHARASHTRA,THEFT,39866,37606,154,43952,46851,46473,39866,37606,154,43952,46851,46473
MANIPUR,THEFT,217,255,864,244,243,290,217,255,864,244,243,290
MEGHALAYA,THEFT,271,392,861,418,476,470,271,392,861,418,476,470
MIZORAM,THEFT,878,999,634,610,777,758,878,999,634,610,777,758
NAGALAND,THEFT,258,257,0,255,294,327,258,257,0,255,294,327
ODISHA,THEFT,5622,5268,1578,5967,6743,6567,5622,5268,1578,5967,6743,6567
PUDUCHERRY,THEFT,528,526,2096,634,466,466,528,526,2096,634,466,466
PUNJAB,THEFT,3023,2963,6,2587,2924,3946,3023,2963,6,2587,2924,3946
RAJASTHAN,THEFT,16939,16313,133,18842,17898,17889,16939,16313,133,18842,17898,17889
SIKKIM,THEFT,74,64,21,73,81,113,74,64,21,73,81,113
TAMIL NADU,THEFT,16709,18755,92,17530,15851,13651,16709,18755,92,17530,15851,13651
TRIPURA,THEFT,259,270,875,260,325,392,259,270,875,260,325,392
UTTAR PRADESH,THEFT,27011,22419,11,22524,20695,20447,27011,22419,11,22524,20695,20447
UTTARAKHAND,THEFT,1419,1365,108,1597,1630,1696,1419,1365,108,1597,1630,1696
WEST BENGAL,THEFT,14245,12449,655,14465,12124,12532,14245,12449,655,14465,12124,12532
A & N ISLANDS,ROITS,13,11,3,9,4,10,13,11,3,9,4,10
ANDHRA PRADESH,ROITS,3001,2140,514,2540,2026,2916,3001,2140,514,2540,2026,2916
ARUNACHAL PRADESH,ROITS,24,21,69,65,23,6,24,21,69,65,23,6
ASSAM,ROITS,2953,3014,1988,3615,2760,2684,2953,3014,1988,3615,2760,2684
BIHAR,ROITS,8606,8675,160,9793,7671,8259,8606,8675,160,9793,7671,8259
CHANDIGARH,ROITS,91,78,598,43,43,44,91,78,598,43,43,44
CHHATTISGARH,ROITS,871,817,56,790,893,905,871,817,56,790,893,905
D & N HAVELI,ROITS,4,5,56,17,18,8,4,5,56,17,18,8
DAMAN & DIU,ROITS,23,16,9050,19,19,24,23,16,9050,19,19,24
DELHI UT,ROITS,5,5,253,5,1,5,5,5,253,5,1,5
GOA,ROITS,64,79,2606,33,45,63,64,79,2606,33,45,63
GUJARAT,ROITS,1930,3665,2986,1599,1628,1534,1930,3665,2986,1599,1628,1534
HARYANA,ROITS,750,700,204,699,899,1142,750,700,204,699,899,1142
HIMACHAL PRADESH,ROITS,628,646,3621,562,558,566,628,646,3621,562,558,566
JAMMU & KASHMIR,ROITS,1072,996,41,1116,1222,1197,1072,996,41,1116,1222,1197
JHARKHAND,ROITS,2018,2281,41,2281,2524,2650,2018,2281,41,2281,2524,2650
KARNATAKA,ROITS,6686,6838,215,6237,6151,6183,6686,6838,215,6237,6151,6183
KERALA,ROITS,8108,8090,257,6461,6535,6365,8108,8090,257,6461,6535,6365
LAKSHADWEEP,ROITS,1,18,5844,37,6,12,1,18,5844,37,6,12
MADHYA PRADESH,ROITS,3395,3178,2981,2479,2573,2308,3395,3178,2981,2479,2573,2308
MAHARASHTRA,ROITS,6719,6360,707,5980,6779,7453,6719,6360,707,5980,6779,7453
MANIPUR,ROITS,131,64,1526,115,35,60,131,64,1526,115,35,60
MEGHALAYA,ROITS,8,9,1468,2,42,7,8,9,1468,2,42,7
MIZORAM,ROITS,3,1,6055,2,35,0,3,1,6055,2,35,0
NAGALAND,ROITS,2,5,4409,6,8,7,2,5,4409,6,8,7
ODISHA,ROITS,1426,1598,6,1433,1515,1535,1426,1598,6,1433,1515,1535
PUDUCHERRY,ROITS,100,193,12884,147,159,153,100,193,12884,147,159,153
PUNJAB,ROITS,1,2,13892,16,1,3,1,2,13892,16,1,3
RAJASTHAN,ROITS,11214,7178,68,3101,2290,1767,11214,7178,68,3101,2290,1767
SIKKIM,ROITS,3,15,160,76,19,12,3,15,160,76,19,12
TAMIL NADU,ROITS,5196,4252,487,3433,2551,1838,5196,4252,487,3433,2551,1838
TRIPURA,ROITS,138,180,95,148,148,154,138,180,95,148,148,154
UTTAR PRADESH,ROITS,7343,4878,2961,3915,3926,3774,7343,4878,2961,3915,3926,3774
UTTARAKHAND,ROITS,440,342,126,444,433,489,440,342,126,444,433,489
WEST BENGAL,ROITS,3095,2461,2094,2691,2635,2385,3095,2461,2094,2691,2635,2385
A & N ISLANDS,CHEATING,8,11,6072,12,13,15,8,11,6072,12,13,15
ANDHRA PRADESH,CHEATING,5391,6733,48,7928,7909,8363,5391,6733,48,7928,7909,8363
ARUNACHAL PRADESH,CHEATING,30,29,4849,34,28,38,30,29,4849,34,28,38
ASSAM,CHEATING,575,719,167,865,873,905,575,719,167,865,873,905
BIHAR,CHEATING,1659,1811,4016,2764,1829,2171,1659,1811,4016,2764,1829,2171
CHANDIGARH,CHEATING,155,181,557,135,161,232,155,181,557,135,161,232
CHHATTISGARH,CHEATING,402,393,342,424,431,507,402,393,342,424,431,507
D & N HAVELI,CHEATING,12,10,58,22,10,10,12,10,58,22,10,10
DAMAN & DIU,CHEATING,9,10,60,5,3,3,9,10,60,5,3,3
DELHI UT,CHEATING,198,154,23408,156,179,173,198,154,23408,156,179,173
GOA,CHEATING,62,78,370,61,58,55,62,78,370,61,58,55
GUJARAT,CHEATING,1779,1457,5525,1726,1541,1529,1779,1457,5525,1726,1541,1529
HARYANA,CHEATING,1016,933,10124,1089,1204,1424,1016,933,10124,1089,1204,1424
HIMACHAL PRADESH,CHEATING,146,137,1238,174,163,129,146,137,1238,174,163,129
JAMMU & KASHMIR,CHEATING,391,382,4170,414,403,463,391,382,4170,414,403,463
JHARKHAND,CHEATING,554,441,61,441,643,833,554,441,61,441,643,833
KARNATAKA,CHEATING,2678,2764,46,2759,2909,2910,2678,2764,46,2759,2909,2910
KERALA,CHEATING,2756,2924,2035,3755,3261,3316,2756,2924,2035,3755,3261,3316
LAKSHADWEEP,CHEATING,0,0,464,0,0,0,0,0,464,0,0,0
MADHYA PRADESH,CHEATING,1413,1240,19304,1287,1292,1522,1413,1240,19304,1287,1292,1522
MAHARASHTRA,CHEATING,4273,4145,5591,5167,6391,6234,4273,4145,5591,5167,6391,6234
MANIPUR,CHEATING,66,72,627,142,122,82,66,72,627,142,122,82
MEGHALAYA,CHEATING,29,33,1949,44,39,83,29,33,1949,44,39,83
MIZORAM,CHEATING,71,85,4155,20,58,78,71,85,4155,20,58,78
NAGALAND,CHEATING,34,21,14180,28,41,37,34,21,14180,28,41,37
ODISHA,CHEATING,681,793,4891,805,1040,1364,681,793,4891,805,1040,1364
PUDUCHERRY,CHEATING,23,31,8,35,41,29,23,31,8,35,41,29
PUNJAB,CHEATING,2621,2716,20422,2729,2934,3393,2621,2716,20422,2729,2934,3393
RAJASTHAN,CHEATING,6644,7286,37098,8333,8341,10191,6644,7286,37098,8333,8341,10191
SIKKIM,CHEATING,13,48,252,22,44,37,13,48,252,22,44,37
TAMIL NADU,CHEATING,2139,2017,360,2121,2694,2116,2139,2017,360,2121,2694,2116
TRIPURA,CHEATING,17,20,1303,34,59,84,17,20,1303,34,59,84
UTTAR PRADESH,CHEATING,5363,5026,221,4184,4556,5142,5363,5026,221,4184,4556,5142
UTTARAKHAND,CHEATING,318,312,5359,372,396,514,318,312,5359,372,396,514
WEST BENGAL,CHEATING,1216,1315,567,1686,1760,1947,1216,1315,567,1686,1760,1947
A & N ISLANDS,DOWRY DEATHS,0,0,3198,0,0,0,0,0,3198,0,0,0
ANDHRA PRADESH,DOWRY DEATHS,420,449,16456,512,443,519,420,449,16456,512,443,519
ARUNACHAL PRADESH,DOWRY DEATHS,0,0,65,0,0,1,0,0,65,0,0,1
ASSAM,DOWRY DEATHS,59,70,18213,74,99,105,59,70,18213,74,99,105
BIHAR,DOWRY DEATHS,859,927,276,1029,1014,1188,859,927,276,1029,1014,1188
CHANDIGARH,DOWRY DEATHS,3,1,15751,6,3,10,3,1,15751,6,3,10
CHHATTISGARH,DOWRY DEATHS,70,85,1368,71,100,103,70,85,1368,71,100,103
D & N HAVELI,DOWRY DEATHS,0,0,12613,0,0,1,0,0,12613,0,0,1
DAMAN & DIU,DOWRY DEATHS,0,0,58,0,1,0,0,0,58,0,1,0
DELHI UT,DOWRY DEATHS,18,27,60,24,10,17,18,27,60,24,10,17
GOA,DOWRY DEATHS,2,2,23408,2,2,0,2,2,23408,2,2,0
GUJARAT,DOWRY DEATHS,67,62,370,58,48,50,67,62,370,58,48,50
HARYANA,DOWRY DEATHS,285,256,5525,251,212,255,285,256,5525,251,212,255
HIMACHAL PRADESH,DOWRY DEATHS,10,6,10124,8,2,3,10,6,10124,8,2,3
JAMMU & KASHMIR,DOWRY DEATHS,13,18,1238,9,5,10,13,18,1238,9,5,10
JHARKHAND,DOWRY DEATHS,217,275,4170,275,257,281,217,275,4170,275,257,281
KARNATAKA,DOWRY DEATHS,220,233,61,259,261,244,220,233,61,259,261,244
KERALA,DOWRY DEATHS,27,17,46,31,21,25,27,17,46,31,21,25
LAKSHADWEEP,DOWRY DEATHS,0,0,2035,0,0,0,0,0,2035,0,0,0
MADHYA PRADESH,DOWRY DEATHS,609,674,464,751,739,764,609,674,464,751,739,764
MAHARASHTRA,DOWRY DEATHS,308,303,19304,314,341,387,308,303,19304,314,341,387
MANIPUR,DOWRY DEATHS,0,0,5591,0,0,0,0,0,5591,0,0,0
MEGHALAYA,DOWRY DEATHS,0,0,627,2,1,6,0,0,627,2,1,6
MIZORAM,DOWRY DEATHS,0,0,1949,0,4,0,0,0,1949,0,4,0
NAGALAND,DOWRY DEATHS,0,0,4155,0,0,0,0,0,4155,0,0,0
ODISHA,DOWRY DEATHS,294,248,14180,319,334,457,294,248,14180,319,334,457
PUDUCHERRY,DOWRY DEATHS,1,5,4891,6,4,2,1,5,4891,6,4,2
PUNJAB,DOWRY DEATHS,159,166,8,113,99,130,159,166,8,113,99,130
RAJASTHAN,DOWRY DEATHS,376,399,20422,379,361,394,376,399,20422,379,361,394
SIKKIM,DOWRY DEATHS,0,0,37098,0,0,0,0,0,37098,0,0,0
TAMIL NADU,DOWRY DEATHS,191,243,252,225,215,187,191,243,252,225,215,187
TRIPURA,DOWRY DEATHS,16,16,360,20,34,35,16,16,360,20,34,35
UTTAR PRADESH,DOWRY DEATHS,2211,1893,1303,1708,1564,1798,2211,1893,1303,1708,1564,1798
UTTARAKHAND,DOWRY DEATHS,56,66,221,82,63,80,56,66,221,82,63,80
WEST BENGAL,DOWRY DEATHS,265,273,5359,396,446,445,265,273,5359,396,446,445
